{
  "modelos": [
    {
      "modelo": "Logistic Regression",
      "accuracy": 0.6214285714285714,
      "precision": 0.08,
      "recall": 0.36363636363636365,
      "f1": 0.13114754098360656,
      "confusion_matrix": [
        [
          83,
          46
        ],
        [
          7,
          4
        ]
      ],
      "roc_auc": 0.521494009866103
    },
    {
      "modelo": "Random Forest",
      "accuracy": 0.9214285714285714,
      "precision": 0.0,
      "recall": 0.0,
      "f1": 0.0,
      "confusion_matrix": [
        [
          129,
          0
        ],
        [
          11,
          0
        ]
      ],
      "roc_auc": 0.5236081747709656
    },
    {
      "modelo": "Random Forest (weighted)",
      "accuracy": 0.9214285714285714,
      "precision": 0.0,
      "recall": 0.0,
      "f1": 0.0,
      "confusion_matrix": [
        [
          129,
          0
        ],
        [
          11,
          0
        ]
      ],
      "roc_auc": 0.4665257223396759
    }
  ],
  "mejor_modelo": "Logistic Regression",
  "metricas_mejor": {
    "accuracy": 0.6214285714285714,
    "precision": 0.08,
    "recall": 0.36363636363636365,
    "f1": 0.13114754098360656,
    "roc_auc": 0.521494009866103
  },
  "conclusiones": [
    "Best model: Logistic Regression with F1 score: 0.1311",
    "Dataset has class imbalance: 645 negative vs 55 positive cases",
    "Models use class_weight='balanced' to handle imbalance",
    "Best accuracy: 0.6214, ROC AUC: 0.5215"
  ]
}